marca,modelo
Volvo,Auman
Mack,Tector
FAW,Volvo VNR
Mack,MAN TGX
Tata,Volvo VNR
Foton,Fuso
Iveco,Auman
MAN,Peterbilt 579
Hino,L-Series
Hyundai,Stralis
Peterbilt,Cargo
Tata,Tector
Peterbilt,Howo
International,ProStar
International,Tundra
Kenworth,Renault T
Renault,Actros
Scania,T680
Peterbilt,J6P
International,Scania S730
Volvo,Hino 700
International,Tata Prima
Ford,Scania S730
Kenworth,Hino 700
Dongfeng,F-MAX
Mercedes-Benz,Granite
Foton,TGA
FAW,Super Great
DAF,Peterbilt 579
Mercedes-Benz,FMX
Hyundai,Quon
International,Cascadia Evolution
Tata,MAN TGX
Renault,T680
Kenworth,Peterbilt 579
Peterbilt,Auman EST
Renault,ProStar
Ford,Stralis
Freightliner,Kenworth W990
DAF,Volvo VNR
Tata,Super Great
Volvo,Super Great
Foton,Dyna
Peterbilt,C-Series
Kenworth,F-MAX
Ford,Peterbilt 579
International,Howo
Iveco,R 500
Scania,Arocs
Hino,T880
Scania,MAN TGX
Isuzu,FMX
Peterbilt,K-Series
Dongfeng,Kenworth W990
Isuzu,C-Series
Freightliner,FH16 750
DAF,T680
FAW,T880
Freightliner,ProStar
International,Isuzu Giga
Dongfeng,J6P
Iveco,L-Series
DAF,Super Great
Iveco,Scania S730
Foton,Peterbilt 579
Renault,Howo
DAF,Tector
Renault,Eurocargo
International,TGS
FAW,Arocs
Mercedes-Benz,FH16 750
DAF,TGA
International,C-Series
MAN,Tundra
Volvo,C-Series
Foton,FMX
Iveco,Anthem
Foton,DAF CF
Foton,Granite
FAW,Stralis
Hino,MAN TGX
Ford,Dyna
Volvo,Howo
Foton,MAN TGX
Isuzu,Kenworth W990
DAF,Kenworth W990
Iveco,DAF CF
Hino,T680
Hino,DAF CF
FAW,Peterbilt 579
Hino,TGS
Hyundai,Tata Prima
Scania,Renault T
MAN,Actros
Tata,Peterbilt 579
Isuzu,Arocs
Freightliner,Granite
International,Axor
Isuzu,Anthem
Hyundai,Super Great
